Ref,Val,Package,PosX,PosY,Rot,Side
"AE1","2088900001","Molex-2088900001-GPS-Ceramic_Antenna",85.347602,-80.943033,0.000000,top
"BAT1","~","Battery_Seiko_MS412FE_D4.8mm",126.790000,-65.760000,90.000000,top
"C1","22pF","C_0402_1005Metric",167.190000,-109.755294,45.000000,top
"C2","22pF","C_0402_1005Metric",165.790000,-104.773368,45.000000,top
"C3","10uF","C_0603_1608Metric",188.890000,-96.100000,0.000000,top
"C4","10uF","C_0603_1608Metric",167.890000,-101.180000,180.000000,top
"C5","470nF","C_0603_1608Metric",167.015000,-118.960000,180.000000,top
"C6","33nF","C_0402_1005Metric",110.190000,-71.860000,0.000000,top
"C7","470pF","C_0402_1005Metric",105.275000,-70.963033,180.000000,top
"C8","10uF","C_0603_1608Metric",92.590000,-112.660000,90.000000,top
"C9","0.1uF","C_0603_1608Metric",111.648000,-127.060000,0.000000,top
"C10","0.1uF","C_0603_1608Metric",102.990000,-112.660000,90.000000,top
"C11","100nF","C_0603_1608Metric",109.310000,-118.560000,-90.000000,top
"C12","22uF","C_0603_1608Metric",121.349998,-121.350001,0.000000,top
"C13","22uF","C_0603_1608Metric",121.349999,-115.949999,180.000000,top
"D1","CDBQC0240LR-HF","D_0402_1006Metric",126.090001,-70.372499,-90.000000,top
"D2","SP0503BAHT","SOT-143",108.120000,-122.810000,0.000000,top
"D3","DSK24_K24","Microdiode_SOD-123FL",92.590000,-116.660000,-90.000000,top
"D4","DSK24_K24","Microdiode_SOD-123FL",102.990000,-116.660000,90.000000,top
"D5","DSK24_K24","Microdiode_SOD-123FL",111.248000,-123.060000,-90.000000,top
"D6","LTST-C193KRKT-2A","LED_0603_1608Metric",114.910000,-119.172500,90.000000,top
"D7","LTST-C193KRKT-2A","LED_0603_1608Metric",155.445500,-63.638000,0.000000,top
"D8","LTST-C193KRKT-2A","LED_0603_1608Metric",155.445500,-66.228000,0.000000,top
"D9","LTST-C193KRKT-2A","LED_0603_1608Metric",155.445500,-68.818000,0.000000,top
"D10","LTST-C193KRKT-2A","LED_0603_1608Metric",155.445500,-71.408000,0.000000,top
"D11","WS2812B","LED_WS2812B_PLCC4_5.0x5.0mm_P3.2mm",104.440000,-87.170000,0.000000,top
"D12","WS2812B","LED_WS2812B_PLCC4_5.0x5.0mm_P3.2mm",104.440000,-95.370000,0.000000,top
"D13","WS2812B","LED_WS2812B_PLCC4_5.0x5.0mm_P3.2mm",104.440000,-103.570000,0.000000,top
"D14","LTST-C193KRKT-2A","LED_0603_1608Metric",132.577500,-121.160000,0.000000,top
"FB1","Ferrite_Bead-BLM15HD102SN1D","L_0402_1005Metric",126.905000,-75.210000,0.000000,top
"FB2","Ferrite_Bead-BLM15HD102SN1D","L_0402_1005Metric",126.905000,-76.310000,180.000000,top
"FL1","SAFEA1G58KA0F00R15","Filter_1109-5_1.1x0.9mm",111.105000,-69.960000,0.000000,top
"J1","PinHeader_01x01_P2.54mm_Vertical","PinHeader_1x01_P2.54mm_Vertical",118.390000,-112.060000,0.000000,top
"J2","PinHeader_01x01_P2.54mm_Vertical","PinHeader_1x01_P2.54mm_Vertical",117.690000,-118.560000,0.000000,top
"J3","Conn_01x03","PinSocket_1x03_P2.54mm_Vertical",131.590000,-77.360000,180.000000,top
"J4","PinHeader_01x06_P2.54mm_Vertical","PinHeader_1x06_P2.54mm_Vertical",194.790000,-65.060000,0.000000,top
"J5","Conn_01x16","PinSocket_1x16_P2.54mm_Vertical",159.674000,-85.680000,0.000000,top
"J6","Conn_01x16","PinSocket_1x16_P2.54mm_Vertical",196.758000,-85.680000,0.000000,top
"J7","PinHeader_01x02_P2.54mm_Vertical","PinHeader_1x02_P2.54mm_Vertical",140.130000,-74.360000,-90.000000,top
"J8","PinHeader_01x02_P2.54mm_Vertical","PinHeader_1x02_P2.54mm_Vertical",140.130000,-78.060000,-90.000000,top
"J9","Barrel_Jack_Switch_CUI_PJ-102AH","BarrelJack_CUI_PJ-102AH_Horizontal",96.340000,-122.386000,0.000000,top
"J10","USB_C_Receptacle","USB_C_Receptacle_GCT_USB4105-xx-A_16P_TopMnt_Horizontal",108.390000,-132.650000,0.000000,top
"J11","PinHeader_01x02_P2.54mm_Vertical","PinHeader_1x02_P2.54mm_Vertical",94.792000,-96.330000,-90.000000,top
"J12","PinHeader_01x02_P2.54mm_Vertical","PinHeader_1x02_P2.54mm_Vertical",110.390000,-88.060000,180.000000,top
"J13","PinHeader_01x02_P2.54mm_Vertical","PinHeader_1x02_P2.54mm_Vertical",152.550000,-74.560000,90.000000,top
"J14","PinHeader_01x02_P2.54mm_Vertical","PinHeader_1x02_P2.54mm_Vertical",94.792001,-100.450001,-90.000000,top
"J15","Micro_SD_Card_Det","SDCARD_MOLEX_503398-1892",132.730000,-88.617500,180.000000,top
"L1","6.8nH","L_0402_1005Metric",107.307000,-70.963033,180.000000,top
"R1","470R","R_0402_1005Metric",179.675000,-69.760000,0.000000,top
"R2","10k","R_0402_1005Metric",176.235004,-69.760000,180.000000,top
"R3","4.7k","R_0402_1005Metric",111.690000,-71.760000,90.000000,top
"R4","0R","R_0402_1005Metric",127.190000,-70.260000,-90.000000,top
"R5","5.1k","R_0603_1608Metric",105.342000,-126.300000,-90.000000,top
"R6","5.1k","R_0603_1608Metric",109.152000,-126.237000,-90.000000,top
"R7","332k","R_0603_1608Metric",109.310000,-115.485000,90.000000,top
"R8","0R","R_0805_2012Metric",111.772500,-118.560000,0.000000,top
"R9","120k","R_0805_2012Metric",114.510000,-114.360000,90.000000,top
"R10","560","R_0402_1005Metric",114.910000,-121.772500,90.000000,top
"R11","1k","R_0402_1005Metric",152.310000,-63.638000,0.000000,top
"R12","1k","R_0402_1005Metric",152.310000,-66.228000,0.000000,top
"R13","470R","R_0402_1005Metric",92.517001,-92.980000,-90.000000,top
"R14","1k","R_0402_1005Metric",152.310000,-68.818000,0.000000,top
"R15","10k","R_0402_1005Metric",92.516999,-89.540001,90.000000,top
"R16","1k","R_0402_1005Metric",152.310000,-71.408000,0.000000,top
"R17","470R","R_0402_1005Metric",92.516999,-103.799999,90.000000,top
"R18","10k","R_0402_1005Metric",92.516999,-107.239999,-90.000000,top
"R19","2k2","R_0805_2012Metric",120.990000,-86.222500,90.000000,top
"R20","3k3","R_0402_1005Metric",120.890000,-89.575000,-90.000000,top
"R21","2k2","R_0805_2012Metric",122.690000,-109.560000,-90.000000,top
"R22","3k3","R_0402_1005Metric",122.290000,-106.475000,-90.000000,top
"R23","2k2","R_0805_2012Metric",125.150000,-109.530000,-90.000000,top
"R24","3k3","R_0402_1005Metric",123.950000,-106.420000,-90.000000,top
"R25","10k","R_0805_2012Metric",132.199999,-113.460001,0.000000,top
"R26","1k","R_0402_1005Metric",131.789999,-119.344999,-90.000000,top
"SW1","SW_Push_Shouhan_TS3315A","SW_Push_SPST_TopActuated_Shouhan_TS3315A",177.955001,-66.494002,180.000000,top
"SW2","SW_Push_Shouhan_TS3315A","SW_Push_SPST_TopActuated_Shouhan_TS3315A",88.490000,-91.260000,-90.000000,top
"SW3","SW_Push_Shouhan_TS3315A","SW_Push_SPST_TopActuated_Shouhan_TS3315A",88.490000,-105.520000,-90.000000,top
"U1","PIC18F4550-IP","DIP-40_W15.24mm",170.566000,-75.780000,0.000000,top
"U2","ATGM336H-5N-31","atgm336h",118.540000,-73.010000,180.000000,top
"U3","AT2659","AT2659",109.270000,-70.460000,-90.000000,top
"U4","AMS1117-5.0","SOT-223-3_TabPin2",97.690000,-115.360000,-90.000000,top
"U5","TPS25200","Texas_DRV0006A_WSON-6-1EP_2x2mm_P0.65mm_EP1x1.6mm_ThermalVias",111.822501,-115.485000,180.000000,top
"U6","XC6210B332MR","Torex_SOT-25",121.770000,-118.650000,0.000000,top
"U7","TMP126","pSemi_SC-70-6",131.790000,-116.591501,-90.000000,top
"Y1","X1E0000210624","Crystal_SMD_3225-4Pin_3.2x2.5mm",166.490000,-107.270490,45.000000,top
